﻿<?xml version="1.0" encoding="utf-8" ?>
<ShowList>
	<Movie>
		<Name>不二神探</Name>
		<Poster>不二神探.jpg</Poster>
		<Director>王子鸣</Director>
		<Actor>李连杰、文章、陈妍希</Actor>
		<Type>Action</Type>
		<Price>60</Price>
		<Schedule>
			<Item>9:00</Item>
			<Item>13:00</Item>
		</Schedule>
	</Movie>
	<Movie>
		<Name>西游降魔篇</Name>
		<Poster>西游降魔篇.jpg</Poster>
		<Director>郭子健、周星驰</Director>
		<Actor>黄渤、舒淇、文章</Actor>
		<Type>Comedy</Type>
		<Price>60</Price>
		<Schedule>
			<Item>11:20</Item>
			<Item>15:45</Item>
			<Item>19:25</Item>
		</Schedule>
	</Movie>
	<Movie>
		<Name>中国合伙人</Name>
		<Poster>中国合伙人.jpg</Poster>
		<Director>陈可辛</Director>
		<Actor>黄晓明、邓超、佟大为</Actor>
		<Type>Comedy</Type>
		<Price>70</Price>
		<Schedule>
			<Item>21:00</Item>
			<Item>23:10</Item>
		</Schedule>
	</Movie>
	<Movie>
		<Name>钢铁侠3</Name>
		<Poster>钢铁侠3.jpg</Poster>
		<Director>沙恩布莱克</Director>
		<Actor>小罗伯特唐尼</Actor>
		<Type>Action</Type>
		<Price>70</Price>
		<Schedule>
			<Item>17:30</Item>
		</Schedule>
	</Movie>
</ShowList>
